Codigo,Ocupacao
010205,OFICIAL DA AERONAUTICA
010210,OFICIAL DO EXERCITO
010215,OFICIAL DA MARINHA
010305,PRACA DA AERONAUTICA
010310,PRACA DO EXERCITO
010315,PRACA DA MARINHA
020105,CORONEL DA POLICIA MILITAR
020110,TENENTE-CORONEL DA POLICIA MILITAR
020115,MAJOR DA POLICIA MILITAR
020205,CAPITAO DA POLICIA MILITAR
020305,PRIMEIRO TENENTE DE POLICIA MILITAR
020310,SEGUNDO TENENTE DE POLICIA MILITAR
021105,SUBTENENTE DA POLICIA MILITAR
021110,SARGENTO DA POLICIA MILITAR
021205,CABO DA POLICIA MILITAR
021210,SOLDADO DA POLICIA MILITAR
030105,CORONEL BOMBEIRO MILITAR
030110,MAJOR BOMBEIRO MILITAR
030115,TENENTE-CORONEL BOMBEIRO MILITAR
030205,CAPITAO BOMBEIRO MILITAR
031105,SUBTENENTE BOMBEIRO MILITAR
031110,SARGENTO BOMBEIRO MILITAR
031205,CABO BOMBEIRO MILITAR
031210,SOLDADO BOMBEIRO MILITAR
111105,SENADOR
111110,DEPUTADO FEDERAL
111115,DEPUTADO ESTADUAL E DISTRITAL
111120,VEREADOR
111205,PRESIDENTE DA REPUBLICA
111220,SECRETARIO - EXECUTIVO
111250,PREFEITO
111255,VICE-PREFEITO
111325,JUIZ DE DIREITO
111330,JUIZ FEDERAL
111345,JUIZ DO TRABALHO
111405,DIRIGENTE DO SERVICO PUBLICO FEDERAL
111410,DIRIGENTE DO SERVICO PUBLICO ESTADUAL E DISTRITAL
111415,DIRIGENTE DO SERVICO PUBLICO MUNICIPAL
111510,ANALISTA DE PLANEJAMENTO E ORCAMENTO - APO
114205,DIRIGENTES DE ENTIDADES DE TRABALHADORES
114305,DIRIGENTE E ADMINISTRADOR DE ORGANIZACAO RELIGIOSA
121010,DIRETOR GERAL DE EMPRESA E ORGANIZACOES (EXCETO DE INTERESSE PUBLICO)
122105,DIRETOR DE PRODUCAO E OPERACOES EM EMPRESA AGROPECUARIA
122120,DIRETOR DE PRODUCAO E OPERACOES EM EMPRESA PESQUEIRA
122405,DIRETOR DE OPERACOES COMERCIAIS (COMERCIO ATACADISTA E VAREJISTA)
122505,DIRETOR DE  PRODUCAO E OPERACOES DE ALIMENTACAO
122520,TURISMOLOGO
122615,DIRETOR DE OPERACOES DE SERVICOS DE TELECOMUNICACOES
122620,DIRETOR DE OPERACOES DE SERVICOS DE TRANSPORTE
122710,DIRETOR DE PRODUTOS BANCARIOS
122735,DIRETOR DE CREDITO IMOBILIARIO
123105,DIRETOR ADMINISTRATIVO
123110,DIRETOR ADMINISTRATIVO E FINANCEIRO
123115,DIRETOR FINANCEIRO
123205,DIRETOR DE RECURSOS HUMANOS
123210,DIRETOR DE RELACOES DE TRABALHO
123305,DIRETOR COMERCIAL
123310,DIRETOR DE MARKETING
123410,DIRETOR DE SUPRIMENTOS NO SERVICO PUBLICO
123605,DIRETOR DE SERVICOS DE INFORMATICA
123805,DIRETOR DE MANUTENCAO
131110,DIRETOR DE SERVICOS SOCIAIS
131120,GERENTE DE SERVICOS SOCIAIS
131205,DIRETOR DE SERVICOS DE SAUDE
131210,GERENTE DE SERVICOS DE SAUDE
131225,SANITARISTA
131305,DIRETOR DE INSTITUICAO EDUCACIONAL DA AREA PRIVADA
131310,DIRETOR DE INSTITUICAO EDUCACIONAL PUBLICA
131315,GERENTE DE INSTITUICAO EDUCACIONAL DA AREA PRIVADA
131320,GERENTE DE SERVICOS EDUCACIONAIS DA AREA PUBLICA
141105,GERENTE DE PRODUCAO E OPERACOES  AQUICOLAS
141115,GERENTE DE PRODUCAO E OPERACOES AGROPECUARIAS
141205,GERENTE DE PRODUCAO E OPERACOES
141305,GERENTE DE PRODUCAO E OPERACOES DA CONSTRUCAO CIVIL E OBRAS PUBLICAS
141405,COMERCIANTE ATACADISTA
141410,COMERCIANTE VAREJISTA
141415,GERENTE DE LOJA E SUPERMERCADO
141420,GERENTE DE OPERACOES DE SERVICOS DE ASSISTENCIA TECNICA
141505,GERENTE DE HOTEL
141510,GERENTE DE RESTAURANTE
141515,GERENTE DE BAR
141520,GERENTE DE PENSAO
141525,GERENTE DE TURISMO
141605,GERENTE DE OPERACOES DE TRANSPORTES
141610,GERENTE DE OPERACOES DE CORREIOS E TELECOMUNICACOES
141615,GERENTE DE LOGISTICA (ARMAZENAGEM E DISTRIBUICAO)
141705,GERENTE DE PRODUTOS BANCARIOS
141710,GERENTE DE AGENCIA
141720,GERENTE DE CREDITO E COBRANCA
141725,GERENTE DE CREDITO IMOBILIARIO
142105,GERENTE ADMINISTRATIVO
142115,GERENTE FINANCEIRO
142120,TECNOLOGO EM GESTAO ADMINISTRATIVO- FINANCEIRA
142205,GERENTE DE RECURSOS HUMANOS
142210,GERENTE DE DEPARTAMENTO PESSOAL
142305,GERENTE COMERCIAL
142310,GERENTE DE COMUNICACAO
142315,GERENTE DE MARKETING
142320,GERENTE DE VENDAS
142325,RELACOES PUBLICAS
142330,ANALISTA DE NEGOCIOS
142335,ANALISTA DE PESQUISA DE MERCADO
142340,OUVIDOR
142405,GERENTE DE COMPRAS
142410,GERENTE DE SUPRIMENTOS
142415,GERENTE DE ALMOXARIFADO
142510,GERENTE DE DESENVOLVIMENTO DE SISTEMAS
142515,GERENTE DE PRODUCAO DE TECNOLOGIA DA INFORMACAO
142520,GERENTE DE PROJETOS DE TECNOLOGIA DA INFORMACAO
142530,GERENTE DE SUPORTE TECNICO DE TECNOLOGIA DA INFORMACAO
142535,TECNOLOGO EM GESTAO DA TECNOLOGIA DA INFORMACAO
142705,GERENTE DE PROJETOS E SERVICOS DE MANUTENCAO
201110,BIOTECNOLOGISTA
202105,ENGENHEIRO MECATRONICO
202110,ENGENHEIRO DE CONTROLE E AUTOMACAO
202115,TECNOLOGO EM MECATRONICA
202120,TECNOLOGO EM AUTOMACAO INDUSTRIAL
203005,PESQUISADOR EM BIOLOGIA AMBIENTAL
203020,PESQUISADOR EM BIOLOGIA HUMANA
203310,PESQUISADOR DE MEDICINA BASICA
203405,PESQUISADOR EM CIENCIAS AGRONOMICAS
203415,PESQUISADOR EM CIENCIAS DA ZOOTECNIA
203525,PESQUISADOR EM PSICOLOGIA
204105,PERITO CRIMINAL
211105,ATUARIO
211115,MATEMATICO
211205,ESTATISTICO
212205,ENGENHEIRO DE APLICATIVOS EM COMPUTACAO
212210,ENGENHEIRO DE EQUIPAMENTOS EM COMPUTACAO
212215,ENGENHEIROS DE SISTEMAS OPERACIONAIS EM COMPUTACAO
212305,ADMINISTRADOR DE BANCO DE DADOS
212310,ADMINISTRADOR DE REDES
212315,ADMINISTRADOR DE SISTEMAS OPERACIONAIS
212320,ADMINISTRADOR EM SEGURANCA DA INFORMACAO
212405,ANALISTA DE DESENVOLVIMENTO DE SISTEMAS
212410,ANALISTA DE REDES E DE COMUNICACAO DE DADOS
212415,ANALISTA DE SISTEMAS DE AUTOMACAO
212420,ANALISTA DE SUPORTE COMPUTACIONAL
213105,FISICO
213165,FISICO (PARTICULAS E CAMPOS)
213205,QUIMICO
213210,QUIMICO INDUSTRIAL
213215,TECNOLOGO EM PROCESSOS QUIMICOS
213405,GEOLOGO
213440,OCEANOGRAFO
214005,ENGENHEIRO AMBIENTAL
214105,ARQUITETO DE EDIFICACOES
214110,ARQUITETO DE INTERIORES
214115,ARQUITETO DE PATRIMONIO
214120,ARQUITETO PAISAGISTA
214125,ARQUITETO URBANISTA
214130,URBANISTA
214205,ENGENHEIRO CIVIL
214215,ENGENHEIRO CIVIL (EDIFICACOES)
214240,ENGENHEIRO CIVIL (HIDRAULICA)
214280,TECNOLOGO EM CONSTRUCAO CIVIL
214305,ENGENHEIRO ELETRICISTA
214310,ENGENHEIRO ELETRONICO
214320,ENGENHEIRO ELETRICISTA DE PROJETOS
214330,ENGENHEIRO ELETRONICO DE PROJETOS
214335,ENGENHEIRO DE MANUTENCAO DE TELECOMUNICACOES
214340,ENGENHEIRO DE TELECOMUNICACOES
214345,ENGENHEIRO PROJETISTA DE TELECOMUNICACOES
214350,ENGENHEIRO DE REDES DE COMUNICACAO
214360,TECNOLOGO EM ELETRICIDADE
214365,TECNOLOGO EM ELETRONICA
214370,TECNOLOGO EM TELECOMUNICACOES
214405,ENGENHEIRO MECANICO
214410,ENGENHEIRO MECANICO AUTOMOTIVO
214420,ENGENHEIRO MECANICO INDUSTRIAL
214425,ENGENHEIRO AERONAUTICO
214430,ENGENHEIRO NAVAL
214505,ENGENHEIRO QUIMICO
214510,ENGENHEIRO QUIMICO (INDUSTRIA QUIMICA)
214515,"ENGENHEIRO QUIMICO (MINERACAO, METALURGIA, SIDERURGIA, CIMENTEIRA E CERAMICA)"
214530,ENGENHEIRO QUIMICO (UTILIDADES E MEIO AMBIENTE)
214605,ENGENHEIRO DE MATERIAIS
214610,ENGENHEIRO METALURGISTA
214615,TECNOLOGO EM METALURGIA
214725,ENGENHEIRO DE MINAS (PESQUISA MINERAL)
214805,ENGENHEIRO AGRIMENSOR
214905,ENGENHEIRO DE PRODUCAO
214910,ENGENHEIRO DE CONTROLE DE QUALIDADE
214915,ENGENHEIRO DE SEGURANCA DO TRABALHO
214930,TECNOLOGO EM PRODUCAO INDUSTRIAL
214935,TECNOLOGO EM SEGURANCA DO TRABALHO
215105,AGENTE DE MANOBRA E DOCAGEM
215110,CAPITAO DE MANOBRA DA MARINHA MERCANTE
215115,COMANDANTE DA MARINHA MERCANTE
215120,COORDENADOR DE OPERACOES DE COMBATE A POLUICAO NO MEIO AQUAVIARIO
215140,OFICIAL DE QUARTO DE NAVEGACAO DA MARINHA MERCANTE
215145,PRATICO DE PORTOS DA MARINHA MERCANTE
215150,VISTORIADOR NAVAL
215305,PILOTO DE AERONAVES
215310,PILOTO DE ENSAIOS EM VOO
215315,INSTRUTOR DE VOO
221105,BIOLOGO
221205,BIOMEDICO
222105,ENGENHEIRO AGRICOLA
222110,ENGENHEIRO AGRONOMO
222120,ENGENHEIRO FLORESTAL
222205,ENGENHEIRO DE ALIMENTOS
223204,CIRURGIAO DENTISTA - AUDITOR
223208,CIRURGIAO DENTISTA - CLINICO GERAL
223212,CIRURGIAO DENTISTA - ENDODONTISTA
223228,CIRURGIAO DENTISTA - ODONTOGERIATRA
223232,CIRURGIAO DENTISTA - ODONTOLOGISTA LEGAL
223240,CIRURGIAO DENTISTA - ORTOPEDISTA E ORTODONTISTA
223252,CIRURGIAO DENTISTA - PROTESIOLOGO BUCOMAXILOFACIAL
223256,CIRURGIAO DENTISTA - PROTESISTA
223272,CIRURGIAO DENTISTA DE SAUDE COLETIVA
223276,CIRURGIAO DENTISTA - ODONTOLOGIA DO TRABALHO
223280,CIRURGIAO DENTISTA - DENTISTICA
223305,MEDICO VETERINARIO
223310,ZOOTECNISTA
223405,FARMACEUTICO
223415,FARMACEUTICO ANALISTA CLINICO
223445,FARMACEUTICO HOSPITALAR E CLINICO
223505,ENFERMEIRO
223515,ENFERMEIRO DE BORDO
223520,ENFERMEIRO DE CENTRO CIRURGICO
223525,ENFERMEIRO DE TERAPIA INTENSIVA
223560,ENFERMEIRO SANITARISTA
223565,ENFERMEIRO DA ESTRATEGIA DE SAUDE DA FAMILIA
223605,FISIOTERAPEUTA GERAL
223625,FISIOTERAPEUTA RESPIRATORIA
223660,FISIOTERAPEUTA  DO TRABALHO
223710,NUTRICIONISTA
223810,FONOAUDIOLOGO GERAL
223830,FONOAUDIOLOGO EM LINGUAGEM
223905,TERAPEUTA OCUPACIONAL
224115,PREPARADOR DE ATLETA
224120,PREPARADOR FISICO
224130,TECNICO DE LABORATORIO E FISCALIZACAO DESPORTIVA
225103,MEDICO INFECTOLOGISTA
225105,MEDICO ACUPUNTURISTA
225109,MEDICO NEFROLOGISTA
225112,MEDICO NEUROLOGISTA
225120,MEDICO CARDIOLOGISTA
225121,MEDICO ONCOLOGISTA CLINICO
225124,MEDICO PEDIATRA
225125,MEDICO CLINICO
225127,MEDICO PNEUMOLOGISTA
225130,MEDICO DE FAMILIA E COMUNIDADE
225133,MEDICO PSIQUIATRA
225135,MEDICO DERMATOLOGISTA
225139,MEDICO SANITARISTA
225142,MEDICO DA ESTRATEGIA DE SAUDE DA FAMILIA
225145,MEDICO EM MEDICINA DE TRAFEGO
225150,MEDICO EM MEDICINA INTENSIVA
225151,MEDICO ANESTESIOLOGISTA
225155,MEDICO ENDOCRINOLOGISTA E METABOLOGISTA
225165,MEDICO GASTROENTEROLOGISTA
225170,MEDICO GENERALISTA
225180,MEDICO GERIATRA
225195,MEDICO HOMEOPATA
225203,MEDICO EM CIRURGIA VASCULAR
225215,MEDICO CIRURGIAO DE CABECA E PESCOCO
225220,MEDICO CIRURGIAO DO APARELHO DIGESTIVO
225225,MEDICO CIRURGIAO GERAL
225235,MEDICO CIRURGIAO PLASTICO
225250,MEDICO GINECOLOGISTA E OBSTETRA
225260,MEDICO NEUROCIRURGIAO
225265,MEDICO OFTALMOLOGISTA
225270,MEDICO ORTOPEDISTA E TRAUMATOLOGISTA
225285,MEDICO UROLOGISTA
225315,MEDICO EM MEDICINA NUCLEAR
225330,MEDICO RADIOTERAPEUTA
225335,MEDICO PATOLOGISTA CLINICO / MEDICINA LABORATORIAL
226305,MUSICOTERAPEUTA
226310,ARTETERAPEUTA
226320,NATUROLOGO
231105,PROFESSOR DE NIVEL SUPERIOR NA EDUCACAO INFANTIL (QUATRO A SEIS ANOS)
231110,PROFESSOR DE NIVEL SUPERIOR NA EDUCACAO INFANTIL (ZERO A TRES ANOS)
231205,PROFESSOR DA  EDUCACAO DE JOVENS E ADULTOS DO ENSINO FUNDAMENTAL (PRIMEIRA A QUARTA SERIE)
231210,PROFESSOR DE NIVEL SUPERIOR DO ENSINO FUNDAMENTAL (PRIMEIRA A QUARTA SERIE)
231305,PROFESSOR DE CIENCIAS EXATAS E NATURAIS DO ENSINO FUNDAMENTAL
231310,PROFESSOR DE EDUCACAO ARTISTICA DO ENSINO FUNDAMENTAL
231315,PROFESSOR DE EDUCACAO FISICA DO ENSINO FUNDAMENTAL
231320,PROFESSOR DE GEOGRAFIA DO ENSINO FUNDAMENTAL
231325,PROFESSOR DE HISTORIA DO ENSINO FUNDAMENTAL
231335,PROFESSOR DE LINGUA PORTUGUESA DO ENSINO FUNDAMENTAL
231340,PROFESSOR DE MATEMATICA DO ENSINO FUNDAMENTAL
232105,PROFESSOR DE ARTES NO ENSINO MEDIO
232110,PROFESSOR DE BIOLOGIA NO ENSINO MEDIO
232115,PROFESSOR DE DISCIPLINAS PEDAGOGICAS NO ENSINO MEDIO
232120,PROFESSOR DE EDUCACAO FISICA NO ENSINO MEDIO
232125,PROFESSOR DE FILOSOFIA NO ENSINO MEDIO
232130,PROFESSOR DE FISICA NO ENSINO MEDIO
232135,PROFESSOR DE GEOGRAFIA NO ENSINO MEDIO
232140,PROFESSOR DE HISTORIA NO ENSINO MEDIO
232145,PROFESSOR DE LINGUA E LITERATURA BRASILEIRA NO ENSINO MEDIO
232155,PROFESSOR DE MATEMATICA NO ENSINO MEDIO
232160,PROFESSOR DE PSICOLOGIA NO ENSINO MEDIO
233105,PROFESSOR DA AREA DE MEIO AMBIENTE
233120,PROFESSOR DE TECNICAS COMERCIAIS E SECRETARIAIS
233205,INSTRUTOR DE APRENDIZAGEM E TREINAMENTO AGROPECUARIO
233210,INSTRUTOR DE APRENDIZAGEM E TREINAMENTO INDUSTRIAL
233215,PROFESSOR DE APRENDIZAGEM E TREINAMENTO COMERCIAL
233225,PROFESSOR INSTRUTOR DE ENSINO E APRENDIZAGEM EM SERVICOS
234110,PROFESSOR DE MATEMATICA PURA (NO ENSINO SUPERIOR)
234115,PROFESSOR DE ESTATISTICA (NO ENSINO SUPERIOR)
234120,PROFESSOR DE COMPUTACAO (NO ENSINO SUPERIOR)
234205,PROFESSOR DE FISICA (ENSINO SUPERIOR)
234310,PROFESSOR DE ENGENHARIA
234320,PROFESSOR DE GEOLOGIA
234405,PROFESSOR DE CIENCIAS BIOLOGICAS DO ENSINO SUPERIOR
234410,PROFESSOR DE EDUCACAO FISICA NO ENSINO SUPERIOR
234440,PROFESSOR DE MEDICINA VETERINARIA
234505,PROFESSOR DE ENSINO SUPERIOR NA AREA DE DIDATICA
234510,PROFESSOR DE ENSINO SUPERIOR NA AREA DE ORIENTACAO EDUCACIONAL
234515,PROFESSOR DE ENSINO SUPERIOR NA AREA DE PESQUISA EDUCACIONAL
234520,PROFESSOR DE ENSINO SUPERIOR NA AREA DE PRATICA DE ENSINO
234616,PROFESSOR DE LINGUA INGLESA
234624,PROFESSOR DE LINGUA PORTUGUESA
234628,PROFESSOR DE LITERATURA BRASILEIRA
234632,PROFESSOR DE LITERATURA PORTUGUESA
234644,PROFESSOR DE LITERATURA ESPANHOLA
234656,PROFESSOR DE LITERATURA ITALIANA
234684,PROFESSOR DE TEORIA DA LITERATURA
234705,PROFESSOR DE ANTROPOLOGIA DO ENSINO SUPERIOR
234710,PROFESSOR DE ARQUIVOLOGIA DO ENSINO SUPERIOR
234725,PROFESSOR DE COMUNICACAO SOCIAL DO ENSINO SUPERIOR
234730,PROFESSOR DE DIREITO DO ENSINO SUPERIOR
234740,PROFESSOR DE GEOGRAFIA DO ENSINO SUPERIOR
234750,PROFESSOR DE JORNALISMO
234760,PROFESSOR DE PSICOLOGIA DO ENSINO SUPERIOR
234770,PROFESSOR DE SOCIOLOGIA DO ENSINO SUPERIOR
234805,PROFESSOR DE ECONOMIA
234810,PROFESSOR DE ADMINISTRACAO
234815,PROFESSOR DE CONTABILIDADE
234910,PROFESSOR DE ARTES VISUAIS NO ENSINO SUPERIOR (ARTES PLASTICAS E MULTIMIDIA)
234915,PROFESSOR DE MUSICA NO ENSINO SUPERIOR
239205,PROFESSOR DE ALUNOS COM DEFICIENCIA AUDITIVA E SURDOS
239210,PROFESSOR DE ALUNOS COM DEFICIENCIA FISICA
239215,PROFESSOR DE ALUNOS COM DEFICIENCIA MENTAL
239405,COORDENADOR PEDAGOGICO
239410,ORIENTADOR EDUCACIONAL
239415,PEDAGOGO
239425,PSICOPEDAGOGO
239430,SUPERVISOR DE ENSINO
239435,DESIGNER EDUCACIONAL
241005,ADVOGADO
241010,ADVOGADO DE EMPRESA
241015,ADVOGADO (DIREITO CIVIL)
241020,ADVOGADO (DIREITO PUBLICO)
241025,ADVOGADO (DIREITO PENAL)
241030,ADVOGADO (AREAS ESPECIAIS)
241035,ADVOGADO (DIREITO DO TRABALHO)
241040,CONSULTOR JURIDICO
241205,ADVOGADO DA UNIAO
241215,PROCURADOR DA FAZENDA NACIONAL
241220,PROCURADOR DO ESTADO
241225,PROCURADOR DO MUNICIPIO
241305,OFICIAL DE REGISTRO DE CONTRATOS MARITIMOS
241315,OFICIAL DO REGISTRO CIVIL DE PESSOAS NATURAIS
241325,OFICIAL DO REGISTRO DE IMOVEIS
241335,TABELIAO DE NOTAS
241340,TABELIAO DE PROTESTOS
242205,PROCURADOR DA REPUBLICA
242210,PROCURADOR DE JUSTICA
242235,PROMOTOR DE JUSTICA
242305,DELEGADO DE POLICIA
242405,DEFENSOR PUBLICO
251105,ANTROPOLOGO
251110,ARQUEOLOGO
251205,ECONOMISTA
251210,ECONOMISTA AGROINDUSTRIAL
251215,ECONOMISTA FINANCEIRO
251220,ECONOMISTA INDUSTRIAL
251225,ECONOMISTA DO SETOR PUBLICO
251305,GEOGRAFO
251405,FILOSOFO
251510,PSICOLOGO CLINICO
251535,PSICOLOGO DO TRANSITO
251545,NEUROPSICOLOGO
251550,PSICANALISTA
251605,ASSISTENTE SOCIAL
251610,ECONOMISTA DOMESTICO
252105,ADMINISTRADOR
252205,AUDITOR (CONTADORES E AFINS)
252210,CONTADOR
252305,SECRETARIA(O) EXECUTIVA(O)
252310,SECRETARIO  BILINGUE
252315,SECRETARIA TRILINGUE
252320,TECNOLOGO EM SECRETARIADO ESCOLAR
252405,ANALISTA DE RECURSOS HUMANOS
252505,ADMINISTRADOR DE FUNDOS E CARTEIRAS DE INVESTIMENTO
252510,ANALISTA DE CAMBIO
252515,ANALISTA DE COBRANCA (INSTITUICOES FINANCEIRAS)
252525,ANALISTA DE CREDITO (INSTITUICOES FINANCEIRAS)
252530,ANALISTA DE CREDITO RURAL
252540,ANALISTA DE PRODUTOS BANCARIOS
252545,ANALISTA FINANCEIRO (INSTITUICOES FINANCEIRAS)
252605,GESTOR EM SEGURANCA
253110,REDATOR DE PUBLICIDADE
253115,AGENTE PUBLICITARIO
253215,GERENTE DE CONTAS - PESSOA FISICA E JURIDICA
253305,"CORRETOR DE VALORES, ATIVOS FINANCEIROS, MERCADORIAS E DERIVATIVOS"
254105,AUDITOR-FISCAL DA RECEITA FEDERAL
254205,AUDITOR-FISCAL DA PREVIDENCIA SOCIAL
254305,AUDITOR-FISCAL DO TRABALHO
254310,AGENTE DE HIGIENE E SEGURANCA
254405,FISCAL DE TRIBUTOS ESTADUAL
254410,FISCAL DE TRIBUTOS MUNICIPAL
254415,TECNICO DE TRIBUTOS ESTADUAL
254420,TECNICO DE TRIBUTOS MUNICIPAL
261105,ARQUIVISTA PESQUISADOR (JORNALISMO)
261110,ASSESSOR DE IMPRENSA
261120,EDITOR
261125,JORNALISTA
261205,BIBLIOTECARIO
261210,DOCUMENTALISTA
261215,ANALISTA DE INFORMACOES (PESQUISADOR DE INFORMACOES DE REDE)
261305,ARQUIVISTA
261310,MUSEOLOGO
261405,FILOLOGO
261420,TRADUTOR
261430,AUDIODESCRITOR
261505,AUTOR-ROTEIRISTA
261515,ESCRITOR DE FICCAO
261520,ESCRITOR DE NAO FICCAO
261605,EDITOR DE JORNAL
261615,EDITOR DE MIDIA ELETRONICA
261710,COMENTARISTA DE RADIO E TELEVISAO
261715,LOCUTOR DE RADIO E TELEVISAO
261720,LOCUTOR PUBLICITARIO DE RADIO E TELEVISAO
261725,NARRADOR EM PROGRAMAS DE RADIO E TELEVISAO
261730,REPORTER DE RADIO E TELEVISAO
261805,FOTOGRAFO
261820,REPORTER FOTOGRAFICO
262105,PRODUTOR CULTURAL
262110,PRODUTOR CINEMATOGRAFICO
262120,PRODUTOR DE TEATRO
262125,PRODUTOR DE TELEVISAO
262310,CENOGRAFO DE CINEMA
262320,CENOGRAFO DE TEATRO
262405,ARTISTA (ARTES VISUAIS)
262410,DESENHISTA INDUSTRIAL GRAFICO (DESIGNER GRAFICO)
262420,DESENHISTA INDUSTRIAL DE PRODUTO (DESIGNER DE PRODUTO)
262425,DESENHISTA INDUSTRIAL DE PRODUTO DE MODA (DESIGNER DE MODA)
262505,ATOR
262605,COMPOSITOR
262610,MUSICO ARRANJADOR
262615,MUSICO REGENTE
262620,MUSICOLOGO
262705,MUSICO INTERPRETE CANTOR
262710,MUSICO INTERPRETE INSTRUMENTISTA
262805,ASSISTENTE DE COREOGRAFIA
262830,PROFESSOR DE DANCA
262905,DECORADOR DE INTERIORES DE NIVEL SUPERIOR
263105,MINISTRO DE CULTO RELIGIOSO
263110,MISSIONARIO
263115,TEOLOGO
271105,CHEFE DE COZINHA
271110,TECNOLOGO EM GASTRONOMIA
300105,TECNICO EM MECATRONICA - AUTOMACAO DA MANUFATURA
300305,TECNICO EM ELETROMECANICA
301105,TECNICO DE LABORATORIO INDUSTRIAL
301110,TECNICO DE LABORATORIO DE ANALISES FISICO-QUIMICAS (MATERIAIS DE CONSTRUCAO)
311105,TECNICO QUIMICO
311110,TECNICO DE CELULOSE E PAPEL
311115,TECNICO EM CURTIMENTO
311305,"TECNICO EM MATERIAIS, PRODUTOS CERAMICOS E VIDROS"
311505,TECNICO DE CONTROLE DE MEIO AMBIENTE
311515,"TECNICO DE UTILIDADE (PRODUCAO E DISTRIBUICAO DE VAPOR, GASES, OLEOS, COMBUSTIVEIS, ENERGIA)"
311625,TECNICO TEXTIL DE TECELAGEM
311705,COLORISTA DE PAPEL
312105,TECNICO DE OBRAS CIVIS
312210,TECNICO DE SANEAMENTO
312305,TECNICO EM AGRIMENSURA
312320,TOPOGRAFO
313105,ELETROTECNICO
313110,ELETROTECNICO (PRODUCAO DE ENERGIA)
313115,"ELETROTECNICO NA FABRICACAO, MONTAGEM E INSTALACAO DE MAQUINAS E EQUIPAMENTOS"
313120,TECNICO DE MANUTENCAO ELETRICA
313125,TECNICO DE MANUTENCAO ELETRICA DE MAQUINA
313130,TECNICO ELETRICISTA
313205,TECNICO DE MANUTENCAO ELETRONICA
313210,TECNICO DE MANUTENCAO ELETRONICA (CIRCUITOS DE MAQUINAS COM COMANDO NUMERICO)
313215,TECNICO ELETRONICO
313220,TECNICO EM MANUTENCAO DE EQUIPAMENTOS DE INFORMATICA
313305,TECNICO DE COMUNICACAO DE DADOS
313310,TECNICO DE REDE (TELECOMUNICACOES)
313315,TECNICO DE TELECOMUNICACOES (TELEFONIA)
313320,TECNICO DE TRANSMISSAO (TELECOMUNICACOES)
313405,TECNICO EM CALIBRACAO
313415,"ENCARREGADO DE MANUTENCAO DE INSTRUMENTOS DE CONTROLE, MEDICAO E SIMILARES"
314105,TECNICO EM MECANICA DE PRECISAO
314110,TECNICO MECANICO
314115,"TECNICO MECANICO (CALEFACAO, VENTILACAO E REFRIGERACAO)"
314120,TECNICO MECANICO (MAQUINAS)
314125,TECNICO MECANICO (MOTORES)
314305,TECNICO EM AUTOMOBILISTICA
314405,TECNICO DE MANUTENCAO DE SISTEMAS E INSTRUMENTOS
314410,TECNICO EM MANUTENCAO DE MAQUINAS
314605,INSPETOR DE SOLDAGEM
314610,TECNICO EM CALDEIRARIA
314620,TECNICO EM SOLDAGEM
314725,TECNICO DE REDUCAO NA SIDERURGIA (PRIMEIRA FUSAO)
314730,TECNICO DE REFRATARIO EM SIDERURGIA
316110,TECNICO EM GEOLOGIA
316330,TECNICO EM PLANEJAMENTO DE LAVRA DE MINAS
317105,PROGRAMADOR DE INTERNET
317110,PROGRAMADOR DE SISTEMAS DE INFORMACAO
317115,PROGRAMADOR DE MAQUINAS - FERRAMENTA COM COMANDO NUMERICO
317120,PROGRAMADOR DE MULTIMIDIA
317205,OPERADOR DE COMPUTADOR (INCLUSIVE MICROCOMPUTADOR)
317210,TECNICO DE APOIO AO USUARIO DE INFORMATICA (HELPDESK)
318005,DESENHISTA TECNICO
318010,DESENHISTA COPISTA
318015,DESENHISTA DETALHISTA
318115,DESENHISTA TECNICO (CONSTRUCAO CIVIL)
318310,"DESENHISTA TECNICO (CALEFACAO, VENTILACAO E REFRIGERACAO)"
318405,DESENHISTA TECNICO (ARTES GRAFICAS)
318505,DESENHISTA PROJETISTA DE ARQUITETURA
318510,DESENHISTA PROJETISTA DE CONSTRUCAO CIVIL
318610,DESENHISTA PROJETISTA MECANICO
318805,PROJETISTA DE MOVEIS
318810,MODELISTA DE ROUPAS
321105,TECNICO AGRICOLA
321110,TECNICO AGROPECUARIO
321205,TECNICO EM MADEIRA
321305,TECNICO EM PISCICULTURA
322105,TECNICO EM ACUPUNTURA
322110,PODOLOGO
322120,MASSOTERAPEUTA
322125,TERAPEUTA HOLISTICO
322130,ESTETICISTA
322135,DOULA
322205,TECNICO DE ENFERMAGEM
322210,TECNICO DE ENFERMAGEM DE TERAPIA INTENSIVA
322225,INSTRUMENTADOR CIRURGICO
322230,AUXILIAR DE ENFERMAGEM
322235,AUXILIAR DE ENFERMAGEM DO TRABALHO
322245,TECNICO DE ENFERMAGEM DA ESTRATEGIA DE SAUDE DA FAMILIA
322250,AUXILIAR DE ENFERMAGEM DA ESTRATEGIA DE SAUDE DA FAMILIA
322305,TECNICO EM OPTICA E OPTOMETRIA
322405,TECNICO EM SAUDE BUCAL
322410,PROTETICO DENTARIO
322415,AUXILIAR EM SAUDE BUCAL
322420,AUXILIAR DE PROTESE DENTARIA
322430,AUXILIAR EM SAUDE BUCAL DA ESTRATEGIA DE SAUDE DA FAMILIA
322505,TECNICO DE ORTOPEDIA
323105,TECNICO EM PECUARIA
324115,TECNICO EM RADIOLOGIA E IMAGENOLOGIA
324120,TECNOLOGO EM RADIOLOGIA
324205,TECNICO EM PATOLOGIA CLINICA
324210,AUXILIAR TECNICO EM PATOLOGIA CLINICA
325015,PERFUMISTA
325105,AUXILIAR TECNICO EM LABORATORIO DE FARMACIA
325110,TECNICO EM LABORATORIO DE FARMACIA
325115,TECNICO EM FARMACIA
325205,TECNICO DE ALIMENTOS
325210,TECNICO EM NUTRICAO E DIETETICA
328110,TAXIDERMISTA
331105,PROFESSOR DE NIVEL MEDIO NA EDUCACAO INFANTIL
331110,AUXILIAR DE DESENVOLVIMENTO INFANTIL
331205,PROFESSOR DE NIVEL MEDIO NO ENSINO FUNDAMENTAL
331305,PROFESSOR DE NIVEL MEDIO NO ENSINO PROFISSIONALIZANTE
332105,PROFESSOR LEIGO NO ENSINO FUNDAMENTAL
332205,PROFESSOR PRATICO NO ENSINO PROFISSIONALIZANTE
333105,INSTRUTOR DE AUTO-ESCOLA
333110,INSTRUTOR DE CURSOS LIVRES
333115,PROFESSORES DE CURSOS LIVRES
334105,INSPETOR DE ALUNOS DE ESCOLA PRIVADA
334110,INSPETOR DE ALUNOS DE ESCOLA PUBLICA
334115,MONITOR DE TRANSPORTE ESCOLAR
341110,PILOTO COMERCIAL DE HELICOPTERO (EXCETO LINHAS AEREAS)
341115,MECANICO DE VOO
341120,PILOTO AGRICOLA
341215,MESTRE FLUVIAL
341230,PILOTO FLUVIAL
341305,CONDUTOR MAQUINISTA FLUVIAL
341310,CONDUTOR MAQUINISTA MARITIMO
341315,ELETRICISTA DE BORDO
342105,ANALISTA DE TRANSPORTE EM COMERCIO EXTERIOR
342115,CONTROLADOR DE SERVICOS DE MAQUINAS E VEICULOS
342125,TECNOLOGO EM LOGISTICA DE TRANSPORTE
342205,AJUDANTE DE DESPACHANTE ADUANEIRO
342210,DESPACHANTE ADUANEIRO
342305,CHEFE DE SERVICO DE TRANSPORTE RODOVIARIO (PASSAGEIROS E CARGAS)
342310,INSPETOR DE SERVICOS DE TRANSPORTES RODOVIARIOS (PASSAGEIROS E CARGAS)
342315,SUPERVISOR DE CARGA E DESCARGA
342405,AGENTE DE ESTACAO (FERROVIA E METRO)
342505,CONTROLADOR DE TRAFEGO AEREO
342520,GERENTE DA ADMINISTRACAO DE AEROPORTOS
342525,GERENTE DE EMPRESA AEREA EM AEROPORTOS
342535,OPERADOR DE ATENDIMENTO AEROVIARIO
342545,SUPERVISOR DE EMPRESA AEREA EM AEROPORTOS
351105,TECNICO DE CONTABILIDADE
351110,CHEFE DE CONTABILIDADE (TECNICO)
351115,CONSULTOR CONTABIL (TECNICO)
351305,TECNICO EM ADMINISTRACAO
351315,AGENTE DE RECRUTAMENTO E SELECAO
351405,ESCREVENTE
351410,ESCRIVAO JUDICIAL
351415,ESCRIVAO EXTRA - JUDICIAL
351420,ESCRIVAO DE POLICIA
351425,OFICIAL DE JUSTICA
351430,AUXILIAR DE SERVICOS JURIDICOS
351505,TECNICO EM SECRETARIADO
351605,TECNICO EM SEGURANCA DO TRABALHO
351705,ANALISTA DE SEGUROS (TECNICO)
351715,ASSISTENTE COMERCIAL DE SEGUROS
351720,ASSISTENTE TECNICO DE SEGUROS
351730,INSPETOR DE SINISTROS
351740,TECNICO DE SEGUROS
351810,INVESTIGADOR DE POLICIA
351815,PAPILOSCOPISTA POLICIAL
352205,AGENTE DE DEFESA AMBIENTAL
352210,AGENTE DE SAUDE PUBLICA
352305,METROLOGISTA
352310,AGENTE FISCAL DE QUALIDADE
352315,AGENTE FISCAL METROLOGICO
352320,AGENTE FISCAL TEXTIL
352405,AGENTE DE DIREITOS AUTORAIS
352410,AVALIADOR DE PRODUTOS DO MEIO DE COMUNICACAO
352420,TECNICO EM DIREITOS AUTORAIS
353205,TECNICO DE OPERACOES E SERVICOS BANCARIOS - CAMBIO
353210,TECNICO DE OPERACOES E SERVICOS BANCARIOS - CREDITO IMOBILIARIO
353225,TECNICO DE OPERACOES E SERVICOS BANCARIOS - RENDA FIXA E VARIAVEL
353230,TESOUREIRO DE BANCO
353235,CHEFE DE SERVICOS BANCARIOS
354110,AGENCIADOR DE PROPAGANDA
354120,AGENTE DE VENDAS DE SERVICOS
354125,ASSISTENTE DE VENDAS
354130,PROMOTOR DE VENDAS ESPECIALIZADO
354135,TECNICO DE VENDAS
354140,TECNICO EM ATENDIMENTO E VENDAS
354145,VENDEDOR PRACISTA
354150,PROPAGANDISTA DE PRODUTOS FAMACEUTICOS
354205,COMPRADOR
354210,SUPERVISOR DE COMPRAS
354305,ANALISTA DE EXPORTACAO E IMPORTACAO
354410,AVALIADOR DE IMOVEIS
354505,CORRETOR DE SEGUROS
354605,CORRETOR DE IMOVEIS
354705,REPRESENTANTE COMERCIAL AUTONOMO
354805,TECNICO EM TURISMO
354810,OPERADOR DE TURISMO
354815,AGENTE DE VIAGEM
354820,ORGANIZADOR DE EVENTO
371105,AUXILIAR DE BIBLIOTECA
371310,TECNICO GRAFICO
371410,RECREADOR
372105,DIRETOR DE FOTOGRAFIA
372115,OPERADOR DE CAMERA DE TELEVISAO
372210,RADIOTELEGRAFISTA
373105,OPERADOR DE AUDIO DE CONTINUIDADE (RADIO)
373210,TECNICO EM OPERACAO DE EQUIPAMENTO DE EXIBICAO DE TELEVISAO
373220,SUPERVISOR TECNICO OPERACIONAL DE SISTEMAS DE TELEVISAO E PRODUTORAS DE VIDEO
374110,TECNICO EM INSTALACAO DE EQUIPAMENTOS DE AUDIO
374120,PROJETISTA DE SOM
374125,TECNICO EM SONORIZACAO
374140,MICROFONISTA
374145,DJ (DISC JOCKEY)
374305,OPERADOR DE PROJETOR CINEMATOGRAFICO
375105,DESIGNER DE INTERIORES
375110,DESIGNER DE VITRINES
375120,DECORADOR DE EVENTOS
376105,DANCARINO TRADICIONAL
376110,DANCARINO POPULAR
376205,ACROBATA
376215,ARTISTA DE CIRCO (OUTROS)
376225,DOMADOR DE ANIMAIS (CIRCENSE)
376245,PALHACO
376305,APRESENTADOR DE EVENTOS
376315,APRESENTADOR DE PROGRAMAS DE RADIO
376320,APRESENTADOR DE PROGRAMAS DE TELEVISAO
376415,MODELO PUBLICITARIO
377105,ATLETA PROFISSIONAL (OUTRAS MODALIDADES)
377110,ATLETA PROFISSIONAL DE FUTEBOL
377120,ATLETA PROFISSIONAL DE LUTA
377215,ARBITRO DE BASQUETE
391115,CONTROLADOR DE ENTRADA E SAIDA
391120,PLANEJISTA
391125,TECNICO DE PLANEJAMENTO DE PRODUCAO
391130,TECNICO DE PLANEJAMENTO E PROGRAMACAO DA MANUTENCAO
391205,INSPETOR DE QUALIDADE
391210,TECNICO DE GARANTIA DA QUALIDADE
391215,OPERADOR DE INSPECAO DE QUALIDADE
391230,TECNICO OPERACIONAL DE SERVICOS DE CORREIOS
395110,TECNICO DE APOIO EM PESQUISA E DESENVOLVIMENTO AGROPECUARIO FLORESTAL
410105,SUPERVISOR ADMINISTRATIVO
410205,SUPERVISOR DE ALMOXARIFADO
410220,SUPERVISOR DE CONTROLE PATRIMONIAL
410225,SUPERVISOR DE CREDITO E COBRANCA
410235,SUPERVISOR DE TESOURARIA
411005,"AUXILIAR DE ESCRITORIO, EM GERAL"
411010,ASSISTENTE ADMINISTRATIVO
411015,ATENDENTE DE JUDICIARIO
411020,AUXILIAR DE JUDICIARIO
411025,AUXILIAR DE CARTORIO
411030,AUXILIAR DE PESSOAL
411035,AUXILIAR DE ESTATISTICA
411040,AUXILIAR DE SEGUROS
411045,AUXILIAR DE SERVICOS DE IMPORTACAO E EXPORTACAO
411050,AGENTE DE MICROCREDITO
412105,DATILOGRAFO
412110,DIGITADOR
412205,CONTINUO
413105,ANALISTA DE FOLHA DE PAGAMENTO
413110,AUXILIAR DE CONTABILIDADE
413115,AUXILIAR DE FATURAMENTO
413205,ATENDENTE DE AGENCIA
413210,CAIXA DE BANCO
413215,COMPENSADOR DE BANCO
413220,CONFERENTE DE SERVICOS BANCARIOS
413225,ESCRITURARIO DE BANCO
413230,OPERADOR DE COBRANCA BANCARIA
414105,ALMOXARIFE
414110,ARMAZENISTA
414115,BALANCEIRO
414205,APONTADOR DE MAO-DE-OBRA
414210,APONTADOR DE PRODUCAO
414215,CONFERENTE DE CARGA E DESCARGA
415105,ARQUIVISTA DE DOCUMENTOS
415115,CODIFICADOR DE DADOS
415125,KARDEXISTA
415130,OPERADOR DE MAQUINA COPIADORA (EXCETO OPERADOR DE GRAFICA RAPIDA)
415205,CARTEIRO
420105,SUPERVISOR DE CAIXAS E BILHETEIROS (EXCETO CAIXA DE BANCO)
420110,SUPERVISOR DE COBRANCA
420125,SUPERVISOR DE RECEPCIONISTAS
420130,SUPERVISOR DE TELEFONISTAS
420135,SUPERVISOR DE TELEMARKETING E ATENDIMENTO
421105,ATENDENTE COMERCIAL (AGENCIA POSTAL)
421120,EMISSOR DE PASSAGENS
421125,OPERADOR DE CAIXA
421205,RECEBEDOR DE APOSTAS (LOTERIA)
421210,RECEBEDOR DE APOSTAS (TURFE)
421305,COBRADOR EXTERNO
421310,COBRADOR INTERNO
421315,LOCALIZADOR (COBRADOR)
422105,"RECEPCIONISTA, EM GERAL"
422110,RECEPCIONISTA DE CONSULTORIO MEDICO OU DENTARIO
422115,RECEPCIONISTA DE SEGURO SAUDE
422120,RECEPCIONISTA DE HOTEL
422125,RECEPCIONISTA DE BANCO
422205,TELEFONISTA
422210,TELEOPERADOR
422215,MONITOR DE TELEATENDIMENTO
422305,OPERADOR DE TELEMARKETING ATIVO
422310,OPERADOR DE TELEMARKETING ATIVO E RECEPTIVO
422315,OPERADOR DE TELEMARKETING RECEPTIVO
422320,OPERADOR DE TELEMARKETING TECNICO
423105,DESPACHANTE DOCUMENTALISTA
423110,DESPACHANTE DE TRANSITO
424115,ENTREVISTADOR DE PESQUISAS DE MERCADO
424120,ENTREVISTADOR DE PRECOS
424125,ESCRITURARIO  EM  ESTATISTICA
510105,SUPERVISOR DE TRANSPORTES
510110,ADMINISTRADOR DE EDIFICIOS
510120,CHEFE DE PORTARIA DE HOTEL
510130,CHEFE DE BAR
510205,SUPERVISOR DE LAVANDERIA
510310,SUPERVISOR DE VIGILANTES
511105,COMISSARIO DE VOO
511115,TAIFEIRO (EXCETO MILITARES)
511205,FISCAL DE TRANSPORTES COLETIVOS (EXCETO TREM)
511210,DESPACHANTE DE TRANSPORTES COLETIVOS (EXCETO TREM)
511215,COBRADOR DE TRANSPORTES COLETIVOS (EXCETO TREM)
511220,"BILHETEIRO (ESTACOES DE METRO, FERROVIARIAS E ASSEMELHADAS)"
511405,GUIA DE TURISMO
512105,EMPREGADO  DOMESTICO  NOS SERVICOS GERAIS
512110,EMPREGADO DOMESTICO  ARRUMADOR
512115,EMPREGADO DOMESTICO  FAXINEIRO
512120,EMPREGADO DOMESTICO DIARISTA
513110,MORDOMO DE HOTELARIA
513115,GOVERNANTA DE HOTELARIA
513205,COZINHEIRO GERAL
513210,COZINHEIRO DO SERVICO DOMESTICO
513215,COZINHEIRO INDUSTRIAL
513220,COZINHEIRO DE HOSPITAL
513225,COZINHEIRO DE EMBARCACOES
513305,CAMAREIRA DE TEATRO
513310,CAMAREIRA DE TELEVISAO
513315,CAMAREIRO  DE HOTEL
513405,GARCOM
513410,GARCOM (SERVICOS DE VINHOS)
513420,BARMAN
513425,COPEIRO
513430,COPEIRO DE HOSPITAL
513435,ATENDENTE DE LANCHONETE
513505,AUXILIAR NOS SERVICOS DE ALIMENTACAO
513605,CHURRASQUEIRO
513610,PIZZAIOLO
513615,SUSHIMAN
514105,ASCENSORISTA
514110,GARAGISTA
514115,SACRISTAO
514120,ZELADOR DE EDIFICIO
514205,COLETOR DE LIXO DOMICILIAR
514215,VARREDOR DE RUA
514225,TRABALHADOR DE SERVICOS DE LIMPEZA E CONSERVACAO DE AREAS PUBLICAS
514230,COLETOR DE RESIDUOS SOLIDOS DE SERVICOS DE SAUDE
514305,LIMPADOR DE VIDROS
514310,AUXILIAR DE MANUTENCAO PREDIAL
514320,FAXINEIRO
514325,TRABALHADOR DA MANUTENCAO DE EDIFICACOES
514330,LIMPADOR DE PISCINAS
515105,AGENTE COMUNITARIO DE SAUDE
515110,ATENDENTE DE ENFERMAGEM
515115,PARTEIRA LEIGA
515120,VISITADOR SANITARIO
515135,SOCORRISTA (EXCETO MEDICOS E ENFERMEIROS)
515140,AGENTE DE COMBATE A ENDEMIAS
515205,AUXILIAR DE BANCO DE SANGUE
515210,AUXILIAR DE FARMACIA DE MANIPULACAO
515215,AUXILIAR DE LABORATORIO DE ANALISES CLINICAS
515225,AUXILIAR DE PRODUCAO FARMACEUTICA
515305,EDUCADOR SOCIAL
515310,AGENTE DE ACAO SOCIAL
515320,CONSELHEIRO TUTELAR
516105,BARBEIRO
516110,CABELEIREIRO
516120,MANICURE
516125,MAQUIADOR
516140,PEDICURE
516205,BABA
516210,CUIDADOR DE IDOSOS
516215,MAE SOCIAL
516220,CUIDADOR EM SAUDE
516305,"LAVADEIRO, EM GERAL"
516315,LAVADOR DE ARTEFATOS DE TAPECARIA
516320,"LIMPADOR A SECO, A MAQUINA"
516325,PASSADOR DE ROUPAS EM GERAL
516335,CONFERENTE-EXPEDIDOR DE ROUPAS (LAVANDERIAS)
516340,ATENDENTE DE LAVANDERIA
516345,AUXILIAR DE LAVANDERIA
516405,LAVADOR DE ROUPAS
516415,"PASSADOR DE ROUPAS, A MAO"
516505,AGENTE FUNERARIO
516605,OPERADOR DE FORNO (SERVICOS FUNERARIOS)
516610,SEPULTADOR
516805,ESOTERICO
517105,BOMBEIRO DE AERODROMO
517110,BOMBEIRO CIVIL
517205,AGENTE DE POLICIA FEDERAL
517210,POLICIAL RODOVIARIO FEDERAL
517215,GUARDA-CIVIL MUNICIPAL
517220,AGENTE DE TRANSITO
517305,AGENTE DE PROTECAO DE AEROPORTO
517310,AGENTE DE SEGURANCA
517315,AGENTE DE SEGURANCA PENITENCIARIA
517320,VIGIA FLORESTAL
517330,VIGILANTE
517335,GUARDA PORTUARIO
517405,PORTEIRO (HOTEL)
517410,PORTEIRO DE EDIFICIOS
517415,PORTEIRO DE LOCAIS DE DIVERSAO
517420,VIGIA
519105,CICLISTA MENSAGEIRO
519110,MOTOCICLISTA NO TRANSPORTE DE DOCUMENTOS E PEQUENOS VOLUMES
519205,CATADOR DE MATERIAL RECICLAVEL
519210,SELECIONADOR DE MATERIAL RECICLAVEL
519305,AUXILIAR DE VETERINARIO
519310,ESTETICISTA DE ANIMAIS DOMESTICOS
519315,BANHISTA DE ANIMAIS DOMESTICOS
519320,TOSADOR DE ANIMAIS DOMESTICOS
519805,PROFISSIONAL DO SEXO
519905,CARTAZEIRO
519915,ENGRAXATE
519925,GUARDADOR DE VEICULOS
519930,"LAVADOR DE GARRAFAS, VIDROS E OUTROS UTENSILIOS"
519935,LAVADOR DE VEICULOS
519940,LEITURISTA
519945,RECEPCIONISTA DE CASAS DE ESPETACULOS
520105,SUPERVISOR DE VENDAS DE SERVICOS
520110,SUPERVISOR DE VENDAS COMERCIAL
521105,VENDEDOR EM COMERCIO ATACADISTA
521110,VENDEDOR DE COMERCIO VAREJISTA
521115,PROMOTOR DE VENDAS
521120,DEMONSTRADOR DE MERCADORIAS
521125,REPOSITOR DE MERCADORIAS
521130,ATENDENTE DE FARMACIA - BALCONISTA
521135,FRENTISTA
523115,CHAVEIRO
524105,VENDEDOR EM DOMICILIO
524205,FEIRANTE
524210,JORNALEIRO (EM BANCA DE JORNAL)
524215,VENDEDOR  PERMISSIONARIO
524305,VENDEDOR AMBULANTE
524310,PIPOQUEIRO AMBULANTE
611005,"PRODUTOR AGROPECUARIO, EM GERAL"
612005,PRODUTOR AGRICOLA POLIVALENTE
612105,PRODUTOR DE ARROZ
612115,PRODUTOR DE CEREAIS DE INVERNO
612305,PRODUTOR NA OLERICULTURA DE LEGUMES
612320,PRODUTOR NA OLERICULTURA DE FRUTOS E SEMENTES
612405,PRODUTOR DE FLORES DE CORTE
612410,PRODUTOR DE FLORES EM VASO
612415,PRODUTOR DE FORRACOES
612505,PRODUTOR DE ARVORES FRUTIFERAS
612605,CAFEICULTOR
612620,PRODUTOR DE FUMO
612740,PRODUTOR DA CULTURA DE SOJA
613005,CRIADOR EM PECUARIA POLIVALENTE
613010,CRIADOR DE ANIMAIS DOMESTICOS
613110,CRIADOR DE BOVINOS (CORTE)
613115,CRIADOR DE BOVINOS (LEITE)
613210,CRIADOR DE OVINOS
613305,AVICULTOR
613405,APICULTOR
613410,CRIADOR DE ANIMAIS PRODUTORES DE VENENO
613420,SERICULTOR
620105,SUPERVISOR DE EXPLORACAO AGRICOLA
620115,SUPERVISOR DE EXPLORACAO PECUARIA
621005,TRABALHADOR AGROPECUARIO EM GERAL
622005,CASEIRO (AGRICULTURA)
622010,JARDINEIRO
622015,TRABALHADOR NA PRODUCAO DE MUDAS E SEMENTES
622020,TRABALHADOR VOLANTE DA AGRICULTURA
622105,TRABALHADOR DA CULTURA DE ARROZ
622110,TRABALHADOR DA CULTURA DE CANA-DE-ACUCAR
622120,"TRABALHADOR DA CULTURA DE TRIGO, AVEIA, CEVADA E TRITICALE"
622205,TRABALHADOR DA CULTURA DE ALGODAO
622315,"TRABALHADOR NA OLERICULTURA (RAIZES, BULBOS E TUBERCULOS)"
622405,TRABALHADOR NO CULTIVO DE FLORES E FOLHAGENS DE CORTE
622420,TRABALHADOR NO CULTIVO DE MUDAS
622505,TRABALHADOR NO CULTIVO DE ARVORES FRUTIFERAS
622510,TRABALHADOR NO CULTIVO DE ESPECIES FRUTIFERAS RASTEIRAS
622515,TRABALHADOR NO CULTIVO DE TREPADEIRAS FRUTIFERAS
622610,TRABALHADOR DA CULTURA DE CAFE
622730,TRABALHADOR NA CULTURA DE SOJA
623005,ADESTRADOR DE ANIMAIS
623010,INSEMINADOR
623015,TRABALHADOR DE PECUARIA POLIVALENTE
623020,TRATADOR DE ANIMAIS
623105,TRABALHADOR DA PECUARIA (ASININOS E MUARES)
623110,TRABALHADOR DA PECUARIA (BOVINOS CORTE)
623115,TRABALHADOR DA PECUARIA (BOVINOS LEITE)
623125,TRABALHADOR DA PECUARIA (EQUINOS)
623215,TRABALHADOR DA SUINOCULTURA
623305,TRABALHADOR DA AVICULTURA DE CORTE
623310,TRABALHADOR DA AVICULTURA DE POSTURA
623405,TRABALHADOR EM CRIATORIOS DE ANIMAIS PRODUTORES DE VENENO
630105,SUPERVISOR DA AQUICULTURA
631010,CATADOR DE MARISCOS
631015,PESCADOR ARTESANAL DE LAGOSTAS
631020,PESCADOR ARTESANAL DE PEIXES E CAMAROES
631105,PESCADOR ARTESANAL DE AGUA DOCE
631205,PESCADOR INDUSTRIAL
631210,PESCADOR PROFISSIONAL
632015,VIVEIRISTA FLORESTAL
632110,CUBADOR DE MADEIRA
632115,IDENTIFICADOR FLORESTAL
632120,OPERADOR DE MOTOSSERRA
632125,"TRABALHADOR DE EXTRACAO FLORESTAL, EM GERAL"
632205,SERINGUEIRO
632215,TRABALHADOR DA EXPLORACAO DE RESINAS
632405,TRABALHADOR DA EXPLORACAO DE ACAI
632410,TRABALHADOR DA EXPLORACAO DE CASTANHA
632520,"TRABALHADOR DA EXPLORACAO DE RAIZES PRODUTORAS DE SUBSTANCIAS AROMATICAS, MEDICINAIS E TOXICAS"
632605,CARVOEIRO
632615,AJUDANTE DE CARVOARIA
641005,OPERADOR DE COLHEITADEIRA
641010,OPERADOR DE MAQUINAS DE BENEFICIAMENTO DE PRODUTOS AGRICOLAS
641015,TRATORISTA AGRICOLA
642005,OPERADOR DE COLHEDOR FLORESTAL
642010,OPERADOR DE MAQUINAS FLORESTAIS ESTATICAS
642015,OPERADOR DE TRATOR FLORESTAL
643010,TRABALHADOR NA OPERACAO DE SISTEMA DE IRRIGACAO POR ASPERSAO (PIVO CENTRAL)
710205,MESTRE (CONSTRUCAO CIVIL)
710210,MESTRE DE LINHAS (FERROVIAS)
710215,INSPETOR DE TERRAPLENAGEM
710225,FISCAL DE PATIO DE USINA DE CONCRETO
711105,AMOSTRADOR DE MINERIOS
711110,CANTEIRO
711120,DETONADOR
711130,MINEIRO
711210,OPERADOR DE CARREGADEIRA
711215,OPERADOR DE MAQUINA CORTADORA (MINAS E PEDREIRAS)
711220,OPERADOR DE MAQUINA DE EXTRACAO CONTINUA (MINAS DE CARVAO)
711225,OPERADOR DE MAQUINA PERFURADORA (MINAS E PEDREIRAS)
711230,OPERADOR DE MAQUINA PERFURATRIZ
711245,OPERADOR DE TRATOR (MINAS E PEDREIRAS)
711315,SONDADOR (POCOS DE PETROLEO E GAS)
711325,PLATAFORMISTA (PETROLEO)
711330,TORRISTA (PETROLEO)
711405,GARIMPEIRO
711410,OPERADOR DE SALINA (SAL MARINHO)
712205,CORTADOR DE PEDRAS
712225,TORNEIRO (LAVRA DE PEDRA)
715115,OPERADOR DE ESCAVADEIRA
715120,OPERADOR DE MAQUINA DE ABRIR VALAS
715125,OPERADOR DE MAQUINAS DE CONSTRUCAO CIVIL E MINERACAO
715130,OPERADOR DE MOTONIVELADORA
715145,OPERADOR DE TRATOR DE LAMINA
715205,CALCETEIRO
715210,PEDREIRO
715215,PEDREIRO (CHAMINES INDUSTRIAIS)
715220,PEDREIRO (MATERIAL REFRATARIO)
715225,PEDREIRO (MINERACAO)
715230,PEDREIRO DE EDIFICACOES
715305,ARMADOR DE ESTRUTURA DE CONCRETO
715315,ARMADOR DE ESTRUTURA DE CONCRETO ARMADO
715405,OPERADOR DE BETONEIRA
715410,OPERADOR DE BOMBA DE CONCRETO
715415,OPERADOR DE CENTRAL DE CONCRETO
715505,CARPINTEIRO
715515,CARPINTEIRO (CENARIOS)
715525,CARPINTEIRO DE OBRAS
715530,CARPINTEIRO (TELHADOS)
715535,CARPINTEIRO DE FORMAS PARA CONCRETO
715545,MONTADOR DE ANDAIMES (EDIFICACOES)
715605,ELETRICISTA DE INSTALACOES (CENARIOS)
715610,ELETRICISTA DE INSTALACOES (EDIFICIOS)
715615,ELETRICISTA DE INSTALACOES
715705,APLICADOR DE ASFALTO IMPERMEABILIZANTE (COBERTURAS)
716105,ACABADOR DE SUPERFICIES DE CONCRETO
716110,REVESTIDOR DE SUPERFICIES DE CONCRETO
716305,VIDRACEIRO
716310,VIDRACEIRO (EDIFICACOES)
716315,VIDRACEIRO (VITRAIS)
716405,GESSEIRO
716510,LADRILHEIRO
716515,PASTILHEIRO
716525,MARMORISTA (CONSTRUCAO)
716605,CALAFETADOR
716610,PINTOR DE OBRAS
717010,OPERADOR DE MARTELETE
717015,POCEIRO (EDIFICACOES)
717020,SERVENTE DE OBRAS
717025,VIBRADORISTA
720110,MESTRE DE CALDEIRARIA
720135,MESTRE DE PINTURA (TRATAMENTO DE SUPERFICIES)
720140,MESTRE DE SOLDAGEM
720150,MESTRE DE USINAGEM
720155,MESTRE SERRALHEIRO
720215,MESTRE (INDUSTRIA DE MAQUINAS E OUTROS EQUIPAMENTOS MECANICOS)
721105,FERRAMENTEIRO
721110,"FERRAMENTEIRO DE MANDRIS, CALIBRADORES E OUTROS DISPOSITIVOS"
721210,OPERADOR DE MAQUINAS OPERATRIZES
721215,OPERADOR DE MAQUINAS-FERRAMENTA CONVENCIONAIS
721220,OPERADOR DE USINAGEM CONVENCIONAL POR ABRASAO
721225,PREPARADOR DE MAQUINAS-FERRAMENTA
721305,AFIADOR DE CARDAS
721315,AFIADOR DE FERRAMENTAS
721320,AFIADOR DE SERRAS
721325,POLIDOR DE METAIS
721405,OPERADOR DE CENTRO DE USINAGEM COM COMANDO NUMERICO
721410,OPERADOR DE FRESADORA COM COMANDO NUMERICO
721415,OPERADOR DE MANDRILADORA COM COMANDO NUMERICO
721425,OPERADOR DE RETIFICADORA COM COMANDO NUMERICO
721430,OPERADOR DE TORNO COM COMANDO NUMERICO
722105,FORJADOR
722205,FUNDIDOR DE METAIS
722215,OPERADOR DE ACABAMENTO DE PECAS FUNDIDAS
722225,OPERADOR DE MAQUINA DE FUNDIR SOB PRESSAO
722305,"MACHEIRO, A MAO"
722310,"MACHEIRO, A  MAQUINA"
722315,"MOLDADOR, A  MAO"
722320,"MOLDADOR, A  MAQUINA"
722325,OPERADOR DE EQUIPAMENTOS DE PREPARACAO DE AREIA
723115,OPERADOR DE EQUIPAMENTO PARA RESFRIAMENTO
723120,OPERADOR DE FORNO DE TRATAMENTO TERMICO DE METAIS
723205,DECAPADOR
723215,GALVANIZADOR
723230,OPERADOR DE MAQUINA RECOBRIDORA DE ARAME
723310,PINTOR A PINCEL E ROLO (EXCETO OBRAS E ESTRUTURAS METALICAS)
723315,PINTOR DE ESTRUTURAS METALICAS
723320,PINTOR DE VEICULOS (FABRICACAO)
723325,PINTOR POR IMERSAO
723330,"PINTOR, A  PISTOLA (EXCETO OBRAS E ESTRUTURAS METALICAS)"
724110,ENCANADOR
724205,MONTADOR DE ESTRUTURAS METALICAS
724225,RISCADOR DE ESTRUTURAS METALICAS
724230,"REBITADOR, A  MAO"
724315,SOLDADOR
724320,SOLDADOR A  OXIGAS
724325,SOLDADOR ELETRICO
724405,CALDEIREIRO (CHAPAS DE COBRE)
724410,CALDEIREIRO (CHAPAS DE FERRO E ACO)
724415,CHAPEADOR
724420,CHAPEADOR DE CARROCERIAS METALICAS (FABRICACAO)
724435,FUNILEIRO INDUSTRIAL
724440,SERRALHEIRO
724505,OPERADOR DE MAQUINA DE CILINDRAR CHAPAS
724510,OPERADOR DE MAQUINA DE DOBRAR CHAPAS
724515,PRENSISTA (OPERADOR DE PRENSA)
725010,AJUSTADOR MECANICO
725015,AJUSTADOR MECANICO (USINAGEM EM BANCADA E EM MAQUINAS-FERRAMENTAS)
725020,AJUSTADOR MECANICO EM BANCADA
725025,AJUSTADOR NAVAL (REPARO E CONSTRUCAO)
725105,"MONTADOR DE MAQUINAS, MOTORES E ACESSORIOS (MONTAGEM EM SERIE)"
725205,MONTADOR DE MAQUINAS
725215,MONTADOR DE MAQUINAS OPERATRIZES PARA MADEIRA
725220,MONTADOR DE MAQUINAS TEXTEIS
725305,MONTADOR DE EQUIPAMENTO DE LEVANTAMENTO
725310,MONTADOR DE MAQUINAS AGRICOLAS
725410,MECANICO MONTADOR DE MOTORES DE EMBARCACOES
725415,MECANICO MONTADOR DE MOTORES DE EXPLOSAO E DIESEL
725505,MONTADOR DE VEICULOS (LINHA DE MONTAGEM)
725510,OPERADOR DE TIME DE MONTAGEM
725705,MECANICO DE REFRIGERACAO
730105,SUPERVISOR DE MONTAGEM E INSTALACAO ELETROELETRONICA
731110,MONTADOR DE EQUIPAMENTOS ELETRONICOS (COMPUTADORES E EQUIPAMENTOS AUXILIARES)
731120,MONTADOR DE EQUIPAMENTOS ELETRICOS (APARELHOS ELETRODOMESTICOS)
731130,MONTADOR DE EQUIPAMENTOS ELETRICOS (MOTORES E DINAMOS)
731135,MONTADOR DE EQUIPAMENTOS ELETRICOS
731145,MONTADOR DE EQUIPAMENTOS ELETRONICOS (MAQUINAS INDUSTRIAIS)
731150,MONTADOR DE EQUIPAMENTOS ELETRONICOS
731165,"BOBINADOR ELETRICISTA, A MAO"
731180,OPERADOR DE LINHA DE MONTAGEM (APARELHOS ELETRONICOS)
731305,INSTALADOR-REPARADOR DE EQUIPAMENTOS DE COMUTACAO EM TELEFONIA
731315,INSTALADOR-REPARADOR DE EQUIPAMENTOS DE TRANSMISSAO EM TELEFONIA
731320,INSTALADOR-REPARADOR DE LINHAS E APARELHOS DE TELECOMUNICACOES
731325,INSTALADOR-REPARADOR DE REDES E CABOS TELEFONICOS
731330,REPARADOR DE APARELHOS DE TELECOMUNICACOES EM LABORATORIO
732105,"ELETRICISTA DE MANUTENCAO DE LINHAS ELETRICAS, TELEFONICAS E DE COMUNICACAO DE DADOS"
732110,EMENDADOR DE CABOS ELETRICOS E TELEFONICOS (AEREOS E SUBTERRANEOS)
732130,INSTALADOR-REPARADOR DE REDES TELEFONICAS E DE COMUNICACAO DE DADOS
740105,SUPERVISOR DA MECANICA DE PRECISAO
741120,RELOJOEIRO (FABRICACAO)
741125,RELOJOEIRO (REPARACAO)
742105,AFINADOR DE INSTRUMENTOS MUSICAIS
750205,SUPERVISOR DA INDUSTRIA DE MINERAIS NAO METALICOS (EXCETO OS DERIVADOS DE PETROLEO E CARVAO)
751010,JOALHEIRO
751015,JOALHEIRO (REPARACOES)
751020,LAPIDADOR (JOIAS)
751125,OURIVES
752105,ARTESAO MODELADOR (VIDROS)
752205,APLICADOR SERIGRAFICO EM VIDROS
752210,CORTADOR DE VIDRO
752235,SURFASSAGISTA
752305,CERAMISTA
752325,CERAMISTA MOLDADOR
752330,CERAMISTA PRENSADOR
752420,OPERADOR DE ESMALTADEIRA
752430,"PINTOR DE CERAMICA, A  PINCEL"
760310,ENCARREGADO DE COSTURA NA CONFECCAO DO VESTUARIO
760405,SUPERVISOR  (INDUSTRIA DE CALCADOS E ARTEFATOS DE COURO)
760505,"SUPERVISOR DA CONFECCAO DE ARTEFATOS DE TECIDOS, COUROS E AFINS"
761110,LAVADOR DE LA
761205,OPERADOR DE ABERTURA (FIACAO)
761215,OPERADOR DE BOBINADEIRA
761220,OPERADOR DE CARDAS
761240,OPERADOR DE MACAROQUEIRA
761303,TECELAO (REDES)
761306,TECELAO (RENDAS E BORDADOS)
761327,"TECELAO DE MALHAS, A  MAQUINA"
761330,TECELAO DE MALHAS (MAQUINA CIRCULAR)
761345,"TECELAO DE TAPETES, A  MAQUINA"
761354,OPERADOR DE MAQUINA DE CORDOALHA
761410,ESTAMPADOR DE TECIDO
761415,OPERADOR DE CALANDRAS (TECIDOS)
761425,OPERADOR DE IMPERMEABILIZADOR DE TECIDOS
761810,REVISOR DE FIOS (PRODUCAO TEXTIL)
761815,REVISOR DE TECIDOS ACABADOS
761820,REVISOR DE TECIDOS CRUS
762105,CLASSIFICADOR DE PELES
762125,RACHADOR DE COUROS E PELES
762205,CURTIDOR (COUROS E PELES)
762220,REBAIXADOR DE COUROS
762335,PALECIONADOR DE COUROS E PELES
762345,VAQUEADOR DE COUROS E PELES
763005,ALFAIATE
763010,COSTUREIRA DE PECAS SOB ENCOMENDA
763015,COSTUREIRA DE REPARACAO DE ROUPAS
763020,COSTUREIRO DE ROUPA DE COURO E PELE
763105,AUXILIAR DE CORTE (PREPARACAO DA CONFECCAO DE ROUPAS)
763110,CORTADOR DE ROUPAS
763125,AJUDANTE DE CONFECCAO
763205,"COSTUREIRO DE ROUPAS DE COURO E PELE, A  MAQUINA NA  CONFECCAO EM SERIE"
763210,COSTUREIRO NA CONFECCAO EM SERIE
763215,"COSTUREIRO, A  MAQUINA  NA CONFECCAO EM SERIE"
763305,ARREMATADEIRA
763310,"BORDADOR, A MAQUINA"
763320,OPERADOR DE MAQUINA DE COSTURA DE ACABAMENTO
763325,PASSADEIRA DE PECAS CONFECCIONADAS
764005,TRABALHADOR POLIVALENTE DA CONFECCAO DE CALCADOS
764105,"CORTADOR DE CALCADOS, A  MAQUINA (EXCETO SOLAS E PALMILHAS)"
764115,PREPARADOR DE CALCADOS
764120,PREPARADOR DE SOLAS E PALMILHAS
764205,"COSTURADOR DE CALCADOS, A  MAQUINA"
764305,ACABADOR DE CALCADOS
765010,CHAPELEIRO DE SENHORAS
765015,BONELEIRO
765105,CORTADOR DE ARTEFATOS DE COURO (EXCETO ROUPAS E CALCADOS)
765110,CORTADOR DE TAPECARIA
765235,ESTOFADOR DE MOVEIS
765310,"COSTURADOR DE ARTEFATOS DE COURO, A  MAQUINA (EXCETO ROUPAS E CALCADOS)"
765315,MONTADOR DE ARTEFATOS DE COURO (EXCETO ROUPAS E CALCADOS)
766120,EDITOR DE TEXTO E IMAGEM
766140,GRAVADOR DE MATRIZ SERIGRAFICA
766155,PROGRAMADOR VISUAL GRAFICO
766205,IMPRESSOR (SERIGRAFIA)
766210,IMPRESSOR CALCOGRAFICO
766215,IMPRESSOR DE OFSETE (PLANO E ROTATIVO)
766230,IMPRESSOR DIGITAL
766250,IMPRESSOR TIPOGRAFICO
766305,ACABADOR DE EMBALAGENS (FLEXIVEIS E CARTOTECNICAS)
766310,IMPRESSOR DE CORTE E VINCO
766315,OPERADOR DE ACABAMENTO (INDUSTRIA GRAFICA)
766320,OPERADOR DE GUILHOTINA (CORTE DE PAPEL)
766405,LABORATORISTA FOTOGRAFICO
766415,"REVELADOR DE FILMES FOTOGRAFICOS, EM CORES"
766420,AUXILIAR DE RADIOLOGIA (REVELACAO FOTOGRAFICA)
768105,TECELAO (TEAR MANUAL)
768110,"TECELAO DE TAPETES, A  MAO"
768120,REDEIRO
768125,CHAPELEIRO (CHAPEUS DE PALHA)
768130,"CROCHETEIRO, A  MAO"
768205,"BORDADOR, A  MAO"
768305,ARTIFICE DO COURO
768310,"CORTADOR DE CALCADOS, A  MAO (EXCETO SOLAS)"
768315,"COSTURADOR DE ARTEFATOS DE COURO, A  MAO (EXCETO ROUPAS E CALCADOS)"
768320,SAPATEIRO (CALCADOS SOB MEDIDA)
768325,SELEIRO
768605,TIPOGRAFO
768625,PINTOR DE LETREIROS
770110,MESTRE CARPINTEIRO
771105,MARCENEIRO
772105,CLASSIFICADOR DE MADEIRA
772115,SECADOR DE MADEIRA
773105,CORTADOR DE LAMINADOS DE MADEIRA
773110,OPERADOR DE SERRAS NO DESDOBRAMENTO DE MADEIRA
773120,SERRADOR DE MADEIRA
773305,OPERADOR DE DESEMPENADEIRA NA USINAGEM CONVENCIONAL DE MADEIRA
773315,OPERADOR DE FRESADORA (USINAGEM DE MADEIRA)
773320,OPERADOR DE LIXADEIRA (USINAGEM DE MADEIRA)
773325,"OPERADOR DE MAQUINA DE USINAGEM MADEIRA, EM GERAL"
773330,OPERADOR DE MOLDURADORA (USINAGEM DE MADEIRA)
773345,OPERADOR DE TORNO AUTOMATICO (USINAGEM DE MADEIRA)
773355,TORNEIRO NA USINAGEM CONVENCIONAL DE MADEIRA
773405,OPERADOR DE MAQUINA BORDATRIZ
773415,OPERADOR DE MAQUINA DE USINAGEM DE MADEIRA (PRODUCAO EM SERIE)
773505,OPERADOR DE CENTRO DE USINAGEM DE MADEIRA (CNC)
774105,MONTADOR DE MOVEIS E ARTEFATOS DE MADEIRA
775105,ENTALHADOR  DE MADEIRA
775120,MARCHETEIRO
776415,"CONFECCIONADOR DE ESCOVAS, PINCEIS E PRODUTOS SIMILARES (A MAQUINA)"
776430,VASSOUREIRO
777110,CARPINTEIRO NAVAL (EMBARCACOES)
781705,MERGULHADOR PROFISSIONAL (RASO E PROFUNDO)
782105,OPERADOR DE DRAGA
782110,OPERADOR DE GUINDASTE (FIXO)
782115,OPERADOR DE GUINDASTE MOVEL
782120,OPERADOR DE MAQUINA RODOFERROVIARIA
782130,OPERADOR DE PONTE ROLANTE
782145,SINALEIRO (PONTE-ROLANTE)
782205,GUINCHEIRO (CONSTRUCAO CIVIL)
782220,OPERADOR DE EMPILHADEIRA
782305,MOTORISTA DE CARRO DE PASSEIO
782310,MOTORISTA DE FURGAO OU VEICULO SIMILAR
782315,MOTORISTA DE TAXI
782405,MOTORISTA DE ONIBUS RODOVIARIO
782410,MOTORISTA DE ONIBUS URBANO
782505,CAMINHONEIRO AUTONOMO (ROTAS REGIONAIS E INTERNACIONAIS)
782510,MOTORISTA DE CAMINHAO (ROTAS REGIONAIS E INTERNACIONAIS)
782515,MOTORISTA OPERACIONAL DE GUINCHO
782610,MAQUINISTA DE TREM
782615,MAQUINISTA DE TREM METROPOLITANO
782620,MOTORNEIRO
782625,AUXILIAR DE MAQUINISTA DE TREM
782705,MARINHEIRO DE CONVES (MARITIMO E FLUVIARIO)
782710,MARINHEIRO DE MAQUINAS
782805,CONDUTOR DE VEICULOS DE TRACAO ANIMAL (RUAS E ESTRADAS)
782810,TROPEIRO
782815,BOIADEIRO
782820,CONDUTOR DE VEICULOS A PEDAIS
783105,AGENTE DE PATIO
783110,MANOBRADOR
783210,CARREGADOR (ARMAZEM)
783215,CARREGADOR (VEICULOS DE TRANSPORTES TERRESTRES)
783220,ESTIVADOR
783225,AJUDANTE DE MOTORISTA
783230,BLOQUEIRO (TRABALHADOR PORTUARIO)
784105,"EMBALADOR, A MAO"
784110,"EMBALADOR, A MAQUINA"
784115,OPERADOR DE MAQUINA DE ETIQUETAR
784120,OPERADOR DE MAQUINA DE ENVASAR LIQUIDOS
784125,OPERADOR DE PRENSA DE ENFARDAMENTO
784205,ALIMENTADOR DE LINHA DE PRODUCAO
791105,ARTESAO BORDADOR
791110,ARTESAO CERAMISTA
791115,ARTESAO COM MATERIAL RECICLAVEL
791120,ARTESAO CONFECCIONADOR DE BIOJOIAS E ECOJOIAS
791125,ARTESAO DO COURO
791130,ARTESAO ESCULTOR
791135,ARTESAO MOVELEIRO (EXCETO RECICLADO)
791140,ARTESAO TECELAO
791145,ARTESAO TRANCADOR
791150,ARTESAO CROCHETEIRO
791155,ARTESAO TRICOTEIRO
810110,MESTRE DE PRODUCAO QUIMICA
810205,MESTRE (INDUSTRIA DE BORRACHA E PLASTICO)
811005,OPERADOR DE PROCESSOS QUIMICOS E PETROQUIMICOS
811115,OPERADOR DE BRITADEIRA (TRATAMENTOS QUIMICOS E AFINS)
811130,TRABALHADOR DE FABRICACAO DE TINTAS
811405,DESTILADOR DE MADEIRA
811410,DESTILADOR DE PRODUTOS QUIMICOS (EXCETO PETROLEO)
811415,"OPERADOR DE ALAMBIQUE DE FUNCIONAMENTO CONTINUO (PRODUTOS QUIMICOS, EXCETO PETROLEO)"
811425,OPERADOR DE EQUIPAMENTO DE DESTILACAO DE ALCOOL
811510,OPERADOR DE TRANSFERENCIA E ESTOCAGEM - NA REFINACAO DO PETROLEO
811620,OPERADOR DE ENFORNAMENTO E DESENFORNAMENTO DE COQUE
811650,OPERADOR DE SISTEMA DE REVERSAO (COQUERIA)
811705,BAMBURISTA
811745,LAMINADOR DE PLASTICO
811805,OPERADOR DE MAQUINA DE PRODUTOS FARMACEUTICOS
811820,"OPERADOR DE MAQUINA DE FABRICACAO DE PRODUTOS DE HIGIENE E LIMPEZA (SABAO, SABONETE, DETERGENTE, ABSORVENTE, FRALDAS COTONETES E OUTROS)"
812105,PIROTECNICO
813105,CILINDRISTA (PETROQUIMICA E AFINS)
813120,"OPERADOR DE PROCESSO (QUIMICA, PETROQUIMICA E AFINS)"
813125,"OPERADOR DE PRODUCAO (QUIMICA, PETROQUIMICA E AFINS)"
818105,ASSISTENTE DE LABORATORIO INDUSTRIAL
818110,AUXILIAR DE LABORATORIO DE ANALISES FISICO-QUIMICAS
820105,MESTRE DE SIDERURGIA
820125,MESTRE DE LAMINACAO
821105,OPERADOR DE CENTRO DE CONTROLE
821205,FORNEIRO E OPERADOR (ALTO-FORNO)
821220,FORNEIRO E OPERADOR (REFINO DE METAIS NAO-FERROSOS)
821305,OPERADOR DE LAMINADOR
821405,ENCARREGADO DE ACABAMENTO DE CHAPAS E METAIS  (TEMPERA)
821410,ESCARFADOR
821415,MARCADOR DE PRODUTOS (SIDERURGICO E METALURGICO)
821425,OPERADOR DE CABINE DE LAMINACAO (FIO-MAQUINA)
821430,OPERADOR DE ESCORIA E SUCATA
821445,PREPARADOR DE SUCATA E APARAS
821450,REBARBADOR DE METAL
822110,FORNEIRO DE FORNO-POCO
822115,FORNEIRO DE FUNDICAO (FORNO DE REDUCAO)
822120,FORNEIRO DE REAQUECIMENTO E TRATAMENTO TERMICO NA METALURGIA
823210,EXTRUSOR DE FIOS OU FIBRAS DE VIDRO
823230,"MOLDADOR DE ABRASIVOS NA FABRICACAO DE CERAMICA, VIDRO E PORCELANA"
823305,CLASSIFICADOR E EMPILHADOR DE TIJOLOS REFRATARIOS
823325,TRABALHADOR DA ELABORACAO DE PRE-FABRICADOS (CONCRETO ARMADO)
828105,OLEIRO (FABRICACAO DE TELHAS)
828110,OLEIRO (FABRICACAO DE TIJOLOS)
831105,CILINDREIRO NA PREPARACAO DE PASTA PARA FABRICACAO DE PAPEL
832110,OPERADOR DE CORTADEIRA DE PAPEL
833110,"CONFECCIONADOR DE BOLSAS, SACOS E SACOLAS E PAPEL, A MAQUINA"
833120,OPERADOR DE MAQUINA DE CORTAR E DOBRAR PAPELAO
833205,"CARTONAGEIRO, A MAO (CAIXAS DE PAPELAO)"
840105,SUPERVISOR DE PRODUCAO DA INDUSTRIA ALIMENTICIA
840110,SUPERVISOR DA INDUSTRIA DE BEBIDAS
840120,CHEFE DE CONFEITARIA
841105,MOLEIRO DE CEREAIS (EXCETO ARROZ)
841320,OPERADOR DE TRATAMENTO DE CALDA NA REFINACAO DE ACUCAR
841408,COZINHADOR (CONSERVACAO DE ALIMENTOS)
841416,COZINHADOR DE CARNES
841420,COZINHADOR DE FRUTAS E LEGUMES
841456,OPERADOR DE CAMARAS FRIAS
841484,TRABALHADOR DE PREPARACAO DE PESCADOS (LIMPEZA)
841505,TRABALHADOR DE TRATAMENTO DO LEITE E FABRICACAO DE LATICINIOS E AFINS
841610,TORRADOR DE CAFE
841720,TRABALHADOR DE FABRICACAO DE VINHOS
841745,XAROPEIRO
841810,"OPERADOR DE MAQUINAS DE FABRICACAO DE DOCES, SALGADOS E MASSAS ALIMENTICIAS"
842125,OPERADOR DE MAQUINA (FABRICACAO DE CIGARROS)
848105,DEFUMADOR DE CARNES E PESCADOS
848110,SALGADOR DE ALIMENTOS
848205,PASTEURIZADOR
848210,QUEIJEIRO NA FABRICACAO DE LATICINIO
848305,PADEIRO
848310,CONFEITEIRO
848315,MASSEIRO (MASSAS ALIMENTICIAS)
848405,DEGUSTADOR DE CAFE
848420,DEGUSTADOR DE VINHOS OU LICORES
848425,CLASSIFICADOR DE GRAOS
848505,ABATEDOR
848510,ACOUGUEIRO
848520,MAGAREFE
848525,RETALHADOR DE CARNE
860110,"SUPERVISOR DE OPERACAO DE FLUIDOS (DISTRIBUICAO, CAPTACAO, TRATAMENTO DE AGUA, GASES, VAPOR)"
860115,"SUPERVISOR DE OPERACAO ELETRICA (GERACAO, TRANSMISSAO E DISTRIBUICAO DE ENERGIA ELETRICA)"
861110,OPERADOR DE QUADRO DE DISTRIBUICAO DE ENERGIA ELETRICA
861120,OPERADOR DE REATOR NUCLEAR
862105,FOGUISTA (LOCOMOTIVAS A VAPOR)
862110,MAQUINISTA DE EMBARCACOES
862120,OPERADOR DE CALDEIRA
862150,"OPERADOR DE MAQUINAS FIXAS, EM GERAL"
862205,"OPERADOR DE ESTACAO DE CAPTACAO, TRATAMENTO E DISTRIBUICAO DE AGUA"
862505,OPERADOR DE INSTALACAO DE REFRIGERACAO
910105,ENCARREGADO DE MANUTENCAO MECANICA DE SISTEMAS OPERACIONAIS
910130,SUPERVISOR DE MANUTENCAO DE MAQUINAS OPERATRIZES E DE USINAGEM
910210,SUPERVISOR DA MANUTENCAO E REPARACAO DE VEICULOS PESADOS
910910,SUPERVISOR DE MANUTENCAO DE VIAS FERREAS
911105,MECANICO DE MANUTENCAO DE BOMBA INJETORA (EXCETO DE VEICULOS AUTOMOTORES)
911110,MECANICO DE MANUTENCAO DE BOMBAS
911115,MECANICO DE MANUTENCAO DE COMPRESSORES DE AR
911120,MECANICO DE MANUTENCAO DE MOTORES DIESEL (EXCETO DE VEICULOS AUTOMOTORES)
911135,MECANICO DE MANUTENCAO DE TURBOCOMPRESSORES
911205,MECANICO DE MANUTENCAO E INSTALACAO DE APARELHOS DE CLIMATIZACAO E  REFRIGERACAO
911305,"MECANICO DE MANUTENCAO DE MAQUINAS, EM GERAL"
911325,MECANICO DE MANUTENCAO DE MAQUINAS-FERRAMENTAS (USINAGEM DE METAIS)
913105,MECANICO DE MANUTENCAO DE APARELHOS DE LEVANTAMENTO
913115,MECANICO DE MANUTENCAO DE MAQUINAS AGRICOLAS
914105,"MECANICO DE MANUTENCAO DE AERONAVES, EM GERAL"
914110,MECANICO DE MANUTENCAO DE SISTEMA HIDRAULICO DE AERONAVES (SERVICOS DE PISTA E HANGAR)
914305,MECANICO DE MANUTENCAO DE VEICULOS FERROVIARIOS
914405,"MECANICO DE MANUTENCAO DE AUTOMOVEIS, MOTOCICLETAS E VEICULOS SIMILARES"
914410,MECANICO DE MANUTENCAO DE EMPILHADEIRAS E OUTROS VEICULOS DE CARGAS LEVES
914415,MECANICO DE MANUTENCAO DE MOTOCICLETAS
914420,MECANICO DE MANUTENCAO DE TRATORES
914425,MECANICO DE VEICULOS AUTOMOTORES A DIESEL (EXCETO TRATORES)
915110,TECNICO EM MANUTENCAO DE HIDROMETROS
915205,RESTAURADOR DE INSTRUMENTOS MUSICAIS (EXCETO CORDAS ARCADAS)
915210,REPARADOR DE INSTRUMENTOS MUSICAIS
919105,LUBRIFICADOR INDUSTRIAL
919110,LUBRIFICADOR DE VEICULOS AUTOMOTORES (EXCETO EMBARCACOES)
919115,LUBRIFICADOR DE EMBARCACOES
919205,"MECANICO DE MANUTENCAO DE MAQUINAS CORTADORAS DE GRAMA, ROCADEIRAS, MOTOSSERRAS E SIMILARES"
919310,MECANICO DE MANUTENCAO DE BICICLETAS E VEICULOS SIMILARES
919315,MONTADOR DE BICICLETAS
950110,"SUPERVISOR DE MANUTENCAO ELETROMECANICA INDUSTRIAL, COMERCIAL E PREDIAL"
950205,ENCARREGADO DE MANUTENCAO ELETRICA DE VEICULOS
950305,SUPERVISOR DE MANUTENCAO ELETROMECANICA
951105,ELETRICISTA DE MANUTENCAO ELETROELETRONICA
951305,INSTALADOR DE SISTEMAS ELETROELETRONICOS DE SEGURANCA
953115,"ELETRICISTA DE INSTALACOES (VEICULOS AUTOMOTORES E MAQUINAS OPERATRIZES, EXCETO AERONAVES E EMBARCACOES)"
954105,ELETROMECANICO DE MANUTENCAO DE ELEVADORES
954205,REPARADOR DE APARELHOS ELETRODOMESTICOS (EXCETO IMAGEM E SOM)
954210,"REPARADOR DE RADIO, TV E SOM"
991105,CONSERVADOR DE VIA PERMANENTE (TRILHOS)
991305,FUNILEIRO DE VEICULOS (REPARACAO)
991310,MONTADOR DE VEICULOS (REPARACAO)
991315,PINTOR DE VEICULOS (REPARACAO)
992105,ALINHADOR DE PNEUS
992110,BALANCEADOR
992115,BORRACHEIRO
992120,LAVADOR DE PECAS
992205,ENCARREGADO GERAL DE OPERACOES DE CONSERVACAO DE VIAS PERMANENTES (EXCETO TRILHOS)
992210,ENCARREGADO DE EQUIPE DE CONSERVACAO DE VIAS PERMANENTES (EXCETO TRILHOS)
992225,AUXILIAR GERAL DE CONSERVACAO DE VIAS PERMANENTES (EXCETO TRILHOS)
